H (A_per_meter),B (tesla)
-174600 ,0.21940883
-173226 ,0.24568221000000001
-172200 ,0.26339289999999999
-170656 ,0.29345264999999998
-168623 ,0.30989791
-166076 ,0.33469726
-165049 ,0.35340669000000002
-161998 ,0.37757268999999999
-157949 ,0.39248456999999998
0 ,0.40400000000000003
